,BBLID,Session,SCANID_CEST,sex,race,ethnic,dateDiff,Default,SomMot,Cont_btwn,Default_btwn,avgCEST_Default,ctCEST_Default,avgCEST_SomMot,ctCEST_SomMot,tap_tot,hstatus,age
17,80557,10863,10738,2,2,2,0,0.20695207090660508,0.4585306590144008,0.12996591513699843,0.20089417912070395,7.893908,7.893908,6.925152,6.925152,72.33333,NC,29.3
30,96659,10229,11096,1,1,2,0,0.290662223,0.38395856953365837,-0.042218086,0.074269564,,,8.078029,870,95,NC,17.7
28,114738,11532,11706,2,5,2,6,0.21148767277093417,0.39055342977448004,-0.047509076,0.053638711,7.91663,7.91663,7.125332,7.125332,99.33334,NC,19.8
46,102041,10603,10675,1,1,2,0,0.3113428199034368,0.5255368313135879,0.048607023,0.16023415056924167,7.779282,7.779282,8.077595,8.077595,103.3333,NC,23.4
40,94288,11948,12092,1,1,2,56,0.25758500057069444,0.46326527809656465,-0.012807886,0.079510094,8.329188,8.329188,8.08519,8.08519,103.3333,NC,22.7
82,111720,11689,11766,1,1,2,15,0.24381566484976216,0.4910206690849459,-0.043083754,0.00916418,6.920071,6.920071,7.193177,7.193177,105.3333,NC,22.4
77,130438,11656,11999,2,2,2,33,0.16282754,0.38319795225421743,-0.017746942,0.056639913294829355,7.510855,7.510855,8.595042,8.595042,106.6667,NC,18.1
41,112807,11528,11890,1,1,2,27,0.20301240996885525,0.5354305132010871,-0.021153872,0.046578181,7.31961,7.31961,6.99097,6.99097,113,NC,23.6
61,85743,10974,10944,2,1,2,2,0.27328637852652965,0.5662330651108732,0.063289315,0.16399435565184123,8.951636,8.951636,9.567051,9.567051,113.3333,NC,23.1
14,96902,11870,11903,2,1,1,6,0.33880386680152696,0.6437203538744929,-0.050623141,0.1330089849360877,8.587436,8.587436,9.540169,9.540169,115,NC,20.8
78,91422,motive1,11753,1,2,2,20,0.11600745522512478,0.37160594454368395,0.033657726023401766,0.076630958,7.335796,7.335796,7.684925,7.684925,115.3333,NC,25.7
83,98370,motive2,12558,1,2,2,6,0.23466953548892291,0.6028151092938471,-0.04029458,0.14320471619445774,6.409649,6.409649,6.547826,6.547826,115.6667,NC,23.7
15,118864,11724,11783,2,2,1,18,0.16644970062601974,0.3502320533463607,-0.001685693,0.030086666135872832,7.345916,7.345916,6.629479,6.629479,115.6667,NC,19.8
45,121407,9257,10688,2,2,2,0,0.276712236,0.54703445,-0.053210705,0.1641245662170785,7.385214,7.385214,6.90786,6.90786,117,NC,25.8
48,20303,12276,12234,1,1,2,17,0.25832858537955367,0.583127497,-0.022342021,0.10128576106968368,8.247654,8.247654,8.473452,8.473452,118,NC,19.2
26,100522,11710,12003,2,1,2,35,0.28220462154239245,0.5470734437940767,-0.02529778,0.099027033,6.786555,6.786555,7.744816,7.744816,119.3333,NC,23.8
66,95257,motive2,12041,1,1,2,19,0.16673684290827492,0.4659572287174613,-0.003141431,0.078580265,7.134788,7.134788,7.155289,7.155289,,NC,22.3
57,115783,11653,11788,2,2,2,19,0.18441772517832924,0.6960156119183273,-0.046583724,0.18169469299065327,6.74959,6.74959,7.26128,7.26128,,NC,26.9
29,90281,10147,10902,2,1,2,52,0.22541552914629373,0.3934199589687173,0.050477301223757765,0.11525678192747842,7.734772,7.734772,7.343223,7.343223,,NC,22.9
73,97994,10896,11114,1,1,2,0,0.1661212299814412,0.3000691357504448,-0.023534604,0.038824835,8.413012,8.413012,7.390037,7.390037,,NC,19.1
47,88760,motive2,11846,2,2,2,38,0.14334831278312393,0.4019928449403518,-0.01784824,0.080745897,,,7.935496,650,,NC,24.9
53,20871,motive2,11917,1,5,2,2,0.065784471,0.088520309,-0.009024001,0.008531236,8.65185,8.65185,8.140483,8.140483,,NC,19
80,112126,motive1,11157,2,2,2,0,0.18896603662355907,0.5526240575495623,-0.015372464,0.043561200294587446,7.401269,7.401269,8.544921,8.544921,,NC,21.8
22,121085,10973,10851,2,1,2,14,0.11452878637350693,0.5630263008041475,-0.015985149,0.032197249,,,8.690735,694,,NC,20.8
74,105979,10067,10791,2,1,2,0,0.346001894,0.532453839,0.03949529,0.15723617862339473,8.477527,8.477527,7.423225,7.423225,,O,24
70,132641,8997,10692,2,2,2,0,0.30844866684318767,0.5438783746632653,-0.041489626,0.1121292655160577,7.803748,7.803748,7.680043,7.680043,96.33333,PRO,23.7
76,91962,motive1,11090,2,2,2,0,0.067001347,0.5824094375959923,-0.017038678,0.080426452,8.717334,8.717334,7.099408,7.099408,97.33333,PRO,20.1
11,20916,12577,12762,1,2,2,13,0.075566924,0.3414142145874155,0.0169374,0.056498830384035414,7.457242,7.457242,7.447608,7.447608,98.66667,PRO,14
21,125073,11756,11814,2,2,2,26,0.21119901259827234,0.5214637091179428,-0.05249564,0.12373429222514509,6.913929,6.913929,7.410022,7.410022,99.66667,PRO,26.2
65,20792,motive2,11887,1,1,2,71,0.3416779113484845,0.5373811650967061,-0.045842016,0.089527304,6.698117,6.698117,6.559981,6.559981,101,PRO,23.7
86,90217,12064,12230,2,1,2,48,0.21390758185689063,0.4731171159831017,-0.070687758,0.11485159363730413,7.531449,7.531449,7.833026,7.833026,102,PRO,25
56,92089,motive2,12089,2,1,2,127,0.24241866318198774,0.4367236012655856,-0.017270962,0.020629434075863467,7.837704,7.837704,8.015392,8.015392,105,PRO,23.9
63,83835,10777,10706,1,2,2,0,0.25800123186913493,0.5470888019200013,0.077542378,0.092416868,8.322086,8.322086,8.497344,8.497344,106.6667,PRO,26.7
62,128079,11639,11934,1,2,2,57,0.132343764,0.5278379098564836,-6.26E-06,0.095073845,8.651898,8.651898,8.886126,8.886126,108,PRO,18.1
7,132179,10780,10760,2,2,2,0,0.3077173518637422,0.3519504904152286,0.10785373359122048,0.1279492224071028,7.79307,7.79307,6.065665,6.065665,112,PRO,21.8
2,128865,12165,12325,1,1,2,49,0.2636172981818925,0.3378965973745649,-0.034153796,0.065095477,7.685738,7.685738,9.356728,9.356728,112.6667,PRO,19.2
4,21118,12258,12784,2,1,2,0,0.21751866856685104,0.47275708976550745,0.014443901696643018,0.0846853,7.807361,7.807361,8.20497,8.20497,117.6667,PRO,14.5
49,119791,10082,10705,1,5,2,0,0.21851580286235828,0.3919188777476435,0.060834094383282626,0.076619038,,,8.231724,643,128,PRO,21.7
87,127935,motive2,12101,1,2,2,35,0.20260071980882646,0.5048092055075446,-0.000614335,0.086406324,7.875949,7.875949,8.202843,8.202843,130.6667,PRO,18.8
27,116354,11647,11774,2,2,2,53,0.1532958035831147,0.4281995432091864,0.016993673195369124,0.094814698,7.333055,7.333055,5.566788,5.566788,,PRO,23.5
23,135085,motive1,11812,2,1,2,17,0.18439888378468605,0.3717527717847556,-0.035645135,0.010414797632866672,7.758378,7.758378,6.697056,6.697056,,PRO,18.9
19,94378,11721,11833,1,2,2,29,0.074210132,0.486869961,-0.011234272,0.026052643,6.865593,6.865593,7.143441,7.143441,,PRO,21.9
25,93292,10306,10938,2,2,2,0,0.23992593035157417,0.4030007469152915,-0.053160086,0.044722513,7.958138,7.958138,7.431998,7.431998,,PRO,25.3
60,132869,11894,12109,1,5,2,36,0.3042489351687107,0.4815542774418413,-0.054759782,0.058628466,8.033601,8.033601,7.759323,7.759323,,PRO,19
50,106057,7955,11122,2,1,2,5,0.2675890362989677,0.45941245809231285,-0.011159794,0.062145579,7.558564,7.558564,7.864516,7.864516,,PRO,20.1
71,88608,motive2,12108,1,2,2,1,0.090931009,0.5726916669619248,-0.015050959,0.10323352492177533,7.826698,7.826698,7.960824,7.960824,,PRO,25.4
58,20011,10846,10888,2,1,2,0,0.18901218081446747,0.4644403646264133,0.097316674,0.12615745705002257,8.105057,8.105057,8.027272,8.027272,,PRO,21.4
36,128259,12296,12837,2,2,2,56,0.26325050430265523,0.4121287034719278,-0.023418503,0.10888279106375623,6.976768,6.976768,8.13208,8.13208,,PRO,20.4
91,20082,motive2,11821,2,1,2,18,0.11836371519412027,0.6485757572684905,-0.027172163,0.10152380474730469,7.319243,7.319243,8.516699,8.516699,,PRO,20.3
68,19981,10852,11106,2,2,2,0,0.2171327931732697,0.4993151797868712,0.021103976986863573,0.079277832,7.923769,7.923769,7.786316,7.786316,,PRO,23.3
33,117397,10582,10686,1,2,2,0,0.22820337691536702,0.45125465206627313,0.11178996874044787,0.1586743960535808,7.070211,7.070211,8.530106,8.530106,102.6667,PROR,20.2
16,20325,11667,11852,2,5,2,14,0.094299456,0.49746878879826706,-0.008647268,0.04953971,7.111473,7.111473,6.699647,6.699647,,PROR,23.1
84,20903,motive2,12159,1,2,2,20,0.22932859766924685,0.5661476357429294,-0.004342897,0.099656823,6.834096,6.834096,7.034576,7.034576,,PROR,21
51,126532,12260,12582,2,1,2,11,0.1988716399592252,0.32924432687749555,0.03084738,0.005784498,7.315501,7.315501,5.792495,5.792495,93,PSY,24.8
54,126176,12455,12780,2,1,2,63,0.18409257184954692,0.5509907619004195,0.011702400281619773,0.00814423,7.374181,7.374181,7.835496,7.835496,98.33334,PSY,27.6
3,120217,10702,10722,2,1,2,8,0.28156898353606125,0.36924058493388645,-0.059996183,0.085270596,7.877225,7.877225,7.517303,7.517303,115.3333,PSY,24.8
34,93274,10785,10765,2,5,2,11,0.30122964975986377,0.48039317872328324,0.032342477,0.060297994,8.271221,8.271221,8.870409,8.870409,116.3333,PSY,24.6
88,94703,11928,12082,2,2,2,13,0.3092026236445695,0.40854624128454314,-0.075238429,0.083362344,7.543001,7.543001,7.247312,7.247312,143,PSY,21.9
32,135277,12277,12808,2,2,2,0,0.13375000547981422,0.2871694189380622,-0.032138222,0.048803452,6.634283,6.634283,6.185041,6.185041,,PSY,30.2
79,94276,10957,10927,1,2,2,0,0.2514741424897847,0.4346178094320778,0.015753287283271977,0.082200049,8.696114,8.696114,6.790743,6.790743,97,S,19.4
55,19970,10801,10827,1,2,2,0,0.21362680059748704,0.3974324345420713,-0.04524915,0.10223905718494841,7.856421,7.856421,6.909086,6.909086,112,S,23.8